{"cameraMode":{"drawMode":0,"name":"Shaded","section":"Shading Mode"},"sceneLighting":true,"audioPlay":false,"sceneViewState":{"m_AlwaysRefresh":false,"showFog":true,"showSkybox":true,"showFlares":true,"showImageEffects":true,"showParticleSystems":true,"showVisualEffectGraphs":true,"m_FxEnabled":true},"in2DMode":false,"pivot":{"x":0.17956814169883729,"y":-23.462270736694337,"z":3.6577816009521486},"rotation":{"x":0.6773889660835266,"y":0.011029279790818692,"z":-0.010158569552004338,"w":0.7354738116264343},"size":28.936792373657228,"orthographic":false}