{"cameraMode":{"drawMode":0,"name":"Shaded","section":"Shading Mode"},"sceneLighting":true,"audioPlay":false,"sceneViewState":{"m_AlwaysRefresh":false,"showFog":true,"showSkybox":true,"showFlares":true,"showImageEffects":true,"showParticleSystems":true,"showVisualEffectGraphs":true,"m_FxEnabled":true},"in2DMode":false,"pivot":{"x":0.45258235931396487,"y":0.026495933532714845,"z":1.1073904037475587},"rotation":{"x":-0.10485945641994477,"y":0.8930040597915649,"z":-0.27507415413856509,"w":-0.34041690826416018},"size":10.261125564575196,"orthographic":false}